{"cameraMode":{"drawMode":0,"name":"Shaded","section":"Shading Mode"},"sceneLighting":true,"audioPlay":false,"sceneViewState":{"showFog":true,"showMaterialUpdate":false,"showSkybox":true,"showFlares":true,"showImageEffects":true,"showParticleSystems":true,"showVisualEffectGraphs":true,"m_FxEnabled":true},"in2DMode":false,"pivot":{"x":-3.327759027481079,"y":-0.3286454677581787,"z":57.14954376220703},"rotation":{"x":-0.022489117458462716,"y":0.029397055506706239,"z":-0.0006636899779550731,"w":-0.9993302226066589},"size":33.28558349609375,"orthographic":false}